<annotation>
	<folder>imagenes</folder>
	<filename>elf2.jpg</filename>
	<path>C:\Users\USUARIO\Documents\octavo semestre\deep_learning\imagenes\elf2.jpg</path>
	<source>
		<database>Unknown</database>
	</source>
	<size>
		<width>536</width>
		<height>300</height>
		<depth>3</depth>
	</size>
	<segmented>0</segmented>
	<object>
		<name>elephant</name>
		<pose>Unspecified</pose>
		<truncated>0</truncated>
		<difficult>0</difficult>
		<bndbox>
			<xmin>7</xmin>
			<ymin>38</ymin>
			<xmax>257</xmax>
			<ymax>295</ymax>
		</bndbox>
	</object>
	<object>
		<name>elephant</name>
		<pose>Unspecified</pose>
		<truncated>1</truncated>
		<difficult>0</difficult>
		<bndbox>
			<xmin>232</xmin>
			<ymin>40</ymin>
			<xmax>536</xmax>
			<ymax>297</ymax>
		</bndbox>
	</object>
	<object>
		<name>elephant</name>
		<pose>Unspecified</pose>
		<truncated>1</truncated>
		<difficult>0</difficult>
		<bndbox>
			<xmin>453</xmin>
			<ymin>77</ymin>
			<xmax>536</xmax>
			<ymax>269</ymax>
		</bndbox>
	</object>
</annotation>
