<annotation>
	<folder>imagenes</folder>
	<filename>elf23.jpg</filename>
	<path>C:\Users\USUARIO\Documents\octavo semestre\deep_learning\imagenes\elf23.jpg</path>
	<source>
		<database>Unknown</database>
	</source>
	<size>
		<width>536</width>
		<height>300</height>
		<depth>3</depth>
	</size>
	<segmented>0</segmented>
	<object>
		<name>elephant</name>
		<pose>Unspecified</pose>
		<truncated>0</truncated>
		<difficult>0</difficult>
		<bndbox>
			<xmin>5</xmin>
			<ymin>20</ymin>
			<xmax>402</xmax>
			<ymax>289</ymax>
		</bndbox>
	</object>
	<object>
		<name>elephant</name>
		<pose>Unspecified</pose>
		<truncated>1</truncated>
		<difficult>0</difficult>
		<bndbox>
			<xmin>254</xmin>
			<ymin>16</ymin>
			<xmax>536</xmax>
			<ymax>298</ymax>
		</bndbox>
	</object>
</annotation>
