<annotation>
	<folder>imagenes</folder>
	<filename>elf30.jpg</filename>
	<path>C:\Users\USUARIO\Documents\octavo semestre\deep_learning\imagenes\elf30.jpg</path>
	<source>
		<database>Unknown</database>
	</source>
	<size>
		<width>536</width>
		<height>300</height>
		<depth>3</depth>
	</size>
	<segmented>0</segmented>
	<object>
		<name>elephant</name>
		<pose>Unspecified</pose>
		<truncated>0</truncated>
		<difficult>0</difficult>
		<bndbox>
			<xmin>129</xmin>
			<ymin>54</ymin>
			<xmax>369</xmax>
			<ymax>263</ymax>
		</bndbox>
	</object>
</annotation>
