<annotation>
	<folder>imagenes</folder>
	<filename>jir19.jpg</filename>
	<path>C:\Users\USUARIO\Documents\octavo semestre\deep_learning\imagenes\jir19.jpg</path>
	<source>
		<database>Unknown</database>
	</source>
	<size>
		<width>401</width>
		<height>300</height>
		<depth>3</depth>
	</size>
	<segmented>0</segmented>
	<object>
		<name>giraffe</name>
		<pose>Unspecified</pose>
		<truncated>0</truncated>
		<difficult>0</difficult>
		<bndbox>
			<xmin>12</xmin>
			<ymin>167</ymin>
			<xmax>235</xmax>
			<ymax>298</ymax>
		</bndbox>
	</object>
	<object>
		<name>giraffe</name>
		<pose>Unspecified</pose>
		<truncated>0</truncated>
		<difficult>0</difficult>
		<bndbox>
			<xmin>12</xmin>
			<ymin>4</ymin>
			<xmax>146</xmax>
			<ymax>189</ymax>
		</bndbox>
	</object>
	<object>
		<name>giraffe</name>
		<pose>Unspecified</pose>
		<truncated>0</truncated>
		<difficult>0</difficult>
		<bndbox>
			<xmin>162</xmin>
			<ymin>4</ymin>
			<xmax>260</xmax>
			<ymax>179</ymax>
		</bndbox>
	</object>
	<object>
		<name>giraffe</name>
		<pose>Unspecified</pose>
		<truncated>1</truncated>
		<difficult>0</difficult>
		<bndbox>
			<xmin>290</xmin>
			<ymin>7</ymin>
			<xmax>401</xmax>
			<ymax>174</ymax>
		</bndbox>
	</object>
	<object>
		<name>giraffe</name>
		<pose>Unspecified</pose>
		<truncated>0</truncated>
		<difficult>0</difficult>
		<bndbox>
			<xmin>244</xmin>
			<ymin>123</ymin>
			<xmax>397</xmax>
			<ymax>295</ymax>
		</bndbox>
	</object>
</annotation>
