<annotation>
	<folder>imagenes</folder>
	<filename>jir18.jpg</filename>
	<path>C:\Users\USUARIO\Documents\octavo semestre\deep_learning\imagenes\jir18.jpg</path>
	<source>
		<database>Unknown</database>
	</source>
	<size>
		<width>212</width>
		<height>300</height>
		<depth>1</depth>
	</size>
	<segmented>0</segmented>
	<object>
		<name>giraffe</name>
		<pose>Unspecified</pose>
		<truncated>0</truncated>
		<difficult>0</difficult>
		<bndbox>
			<xmin>12</xmin>
			<ymin>4</ymin>
			<xmax>201</xmax>
			<ymax>295</ymax>
		</bndbox>
	</object>
</annotation>
