<annotation>
	<folder>imagenes</folder>
	<filename>jir17.jpg</filename>
	<path>C:\Users\USUARIO\Documents\octavo semestre\deep_learning\imagenes\jir17.jpg</path>
	<source>
		<database>Unknown</database>
	</source>
	<size>
		<width>383</width>
		<height>300</height>
		<depth>1</depth>
	</size>
	<segmented>0</segmented>
	<object>
		<name>giraffe</name>
		<pose>Unspecified</pose>
		<truncated>0</truncated>
		<difficult>0</difficult>
		<bndbox>
			<xmin>67</xmin>
			<ymin>14</ymin>
			<xmax>293</xmax>
			<ymax>285</ymax>
		</bndbox>
	</object>
</annotation>
