<annotation>
	<folder>imagenes</folder>
	<filename>jir26.jpg</filename>
	<path>C:\Users\USUARIO\Documents\octavo semestre\deep_learning\imagenes\jir26.jpg</path>
	<source>
		<database>Unknown</database>
	</source>
	<size>
		<width>204</width>
		<height>300</height>
		<depth>3</depth>
	</size>
	<segmented>0</segmented>
	<object>
		<name>giraffe</name>
		<pose>Unspecified</pose>
		<truncated>1</truncated>
		<difficult>0</difficult>
		<bndbox>
			<xmin>40</xmin>
			<ymin>54</ymin>
			<xmax>204</xmax>
			<ymax>277</ymax>
		</bndbox>
	</object>
</annotation>
