<annotation>
	<folder>imagenes</folder>
	<filename>jir25.jpg</filename>
	<path>C:\Users\USUARIO\Documents\octavo semestre\deep_learning\imagenes\jir25.jpg</path>
	<source>
		<database>Unknown</database>
	</source>
	<size>
		<width>604</width>
		<height>300</height>
		<depth>3</depth>
	</size>
	<segmented>0</segmented>
	<object>
		<name>giraffe</name>
		<pose>Unspecified</pose>
		<truncated>1</truncated>
		<difficult>0</difficult>
		<bndbox>
			<xmin>45</xmin>
			<ymin>15</ymin>
			<xmax>604</xmax>
			<ymax>265</ymax>
		</bndbox>
	</object>
</annotation>
