<annotation>
	<folder>imagenes</folder>
	<filename>jir23.jpg</filename>
	<path>C:\Users\USUARIO\Documents\octavo semestre\deep_learning\imagenes\jir23.jpg</path>
	<source>
		<database>Unknown</database>
	</source>
	<size>
		<width>522</width>
		<height>300</height>
		<depth>3</depth>
	</size>
	<segmented>0</segmented>
	<object>
		<name>giraffe</name>
		<pose>Unspecified</pose>
		<truncated>0</truncated>
		<difficult>0</difficult>
		<bndbox>
			<xmin>145</xmin>
			<ymin>70</ymin>
			<xmax>438</xmax>
			<ymax>290</ymax>
		</bndbox>
	</object>
</annotation>
