<annotation>
	<folder>imagenes</folder>
	<filename>jir5.jpg</filename>
	<path>C:\Users\USUARIO\Documents\octavo semestre\deep_learning\imagenes\jir5.jpg</path>
	<source>
		<database>Unknown</database>
	</source>
	<size>
		<width>536</width>
		<height>300</height>
		<depth>3</depth>
	</size>
	<segmented>0</segmented>
	<object>
		<name>giraffe</name>
		<pose>Unspecified</pose>
		<truncated>0</truncated>
		<difficult>0</difficult>
		<bndbox>
			<xmin>12</xmin>
			<ymin>135</ymin>
			<xmax>250</xmax>
			<ymax>297</ymax>
		</bndbox>
	</object>
	<object>
		<name>giraffe</name>
		<pose>Unspecified</pose>
		<truncated>1</truncated>
		<difficult>0</difficult>
		<bndbox>
			<xmin>177</xmin>
			<ymin>1</ymin>
			<xmax>314</xmax>
			<ymax>246</ymax>
		</bndbox>
	</object>
	<object>
		<name>giraffe</name>
		<pose>Unspecified</pose>
		<truncated>0</truncated>
		<difficult>0</difficult>
		<bndbox>
			<xmin>313</xmin>
			<ymin>129</ymin>
			<xmax>345</xmax>
			<ymax>279</ymax>
		</bndbox>
	</object>
</annotation>
