<annotation>
	<folder>imagenes</folder>
	<filename>jir8.jpg</filename>
	<path>C:\Users\USUARIO\Documents\octavo semestre\deep_learning\imagenes\jir8.jpg</path>
	<source>
		<database>Unknown</database>
	</source>
	<size>
		<width>481</width>
		<height>300</height>
		<depth>3</depth>
	</size>
	<segmented>0</segmented>
	<object>
		<name>giraffe</name>
		<pose>Unspecified</pose>
		<truncated>0</truncated>
		<difficult>0</difficult>
		<bndbox>
			<xmin>315</xmin>
			<ymin>20</ymin>
			<xmax>454</xmax>
			<ymax>275</ymax>
		</bndbox>
	</object>
	<object>
		<name>giraffe</name>
		<pose>Unspecified</pose>
		<truncated>0</truncated>
		<difficult>0</difficult>
		<bndbox>
			<xmin>164</xmin>
			<ymin>60</ymin>
			<xmax>309</xmax>
			<ymax>280</ymax>
		</bndbox>
	</object>
	<object>
		<name>giraffe</name>
		<pose>Unspecified</pose>
		<truncated>0</truncated>
		<difficult>0</difficult>
		<bndbox>
			<xmin>126</xmin>
			<ymin>31</ymin>
			<xmax>210</xmax>
			<ymax>94</ymax>
		</bndbox>
	</object>
	<object>
		<name>giraffe</name>
		<pose>Unspecified</pose>
		<truncated>0</truncated>
		<difficult>0</difficult>
		<bndbox>
			<xmin>27</xmin>
			<ymin>64</ymin>
			<xmax>90</xmax>
			<ymax>123</ymax>
		</bndbox>
	</object>
</annotation>
