<annotation>
	<folder>imagenes</folder>
	<filename>perro13.jpg</filename>
	<path>C:\Users\USUARIO\Documents\octavo semestre\deep_learning\imagenes\perro13.jpg</path>
	<source>
		<database>Unknown</database>
	</source>
	<size>
		<width>443</width>
		<height>300</height>
		<depth>3</depth>
	</size>
	<segmented>0</segmented>
	<object>
		<name>dog</name>
		<pose>Unspecified</pose>
		<truncated>0</truncated>
		<difficult>0</difficult>
		<bndbox>
			<xmin>15</xmin>
			<ymin>17</ymin>
			<xmax>222</xmax>
			<ymax>296</ymax>
		</bndbox>
	</object>
	<object>
		<name>dog</name>
		<pose>Unspecified</pose>
		<truncated>0</truncated>
		<difficult>0</difficult>
		<bndbox>
			<xmin>237</xmin>
			<ymin>23</ymin>
			<xmax>440</xmax>
			<ymax>285</ymax>
		</bndbox>
	</object>
</annotation>
