<annotation>
	<folder>imagenes</folder>
	<filename>perro29.jpg</filename>
	<path>C:\Users\USUARIO\Documents\octavo semestre\deep_learning\imagenes\perro29.jpg</path>
	<source>
		<database>Unknown</database>
	</source>
	<size>
		<width>506</width>
		<height>300</height>
		<depth>3</depth>
	</size>
	<segmented>0</segmented>
	<object>
		<name>dog</name>
		<pose>Unspecified</pose>
		<truncated>0</truncated>
		<difficult>0</difficult>
		<bndbox>
			<xmin>8</xmin>
			<ymin>159</ymin>
			<xmax>231</xmax>
			<ymax>288</ymax>
		</bndbox>
	</object>
	<object>
		<name>dog</name>
		<pose>Unspecified</pose>
		<truncated>1</truncated>
		<difficult>0</difficult>
		<bndbox>
			<xmin>284</xmin>
			<ymin>17</ymin>
			<xmax>478</xmax>
			<ymax>300</ymax>
		</bndbox>
	</object>
	<object>
		<name>dog</name>
		<pose>Unspecified</pose>
		<truncated>0</truncated>
		<difficult>0</difficult>
		<bndbox>
			<xmin>11</xmin>
			<ymin>4</ymin>
			<xmax>251</xmax>
			<ymax>146</ymax>
		</bndbox>
	</object>
</annotation>
