<annotation>
	<folder>imagenes</folder>
	<filename>perro15.jpg</filename>
	<path>C:\Users\USUARIO\Documents\octavo semestre\deep_learning\imagenes\perro15.jpg</path>
	<source>
		<database>Unknown</database>
	</source>
	<size>
		<width>522</width>
		<height>300</height>
		<depth>3</depth>
	</size>
	<segmented>0</segmented>
	<object>
		<name>dog</name>
		<pose>Unspecified</pose>
		<truncated>0</truncated>
		<difficult>0</difficult>
		<bndbox>
			<xmin>12</xmin>
			<ymin>56</ymin>
			<xmax>157</xmax>
			<ymax>270</ymax>
		</bndbox>
	</object>
	<object>
		<name>dog</name>
		<pose>Unspecified</pose>
		<truncated>0</truncated>
		<difficult>0</difficult>
		<bndbox>
			<xmin>159</xmin>
			<ymin>30</ymin>
			<xmax>264</xmax>
			<ymax>247</ymax>
		</bndbox>
	</object>
	<object>
		<name>dog</name>
		<pose>Unspecified</pose>
		<truncated>0</truncated>
		<difficult>0</difficult>
		<bndbox>
			<xmin>260</xmin>
			<ymin>70</ymin>
			<xmax>363</xmax>
			<ymax>266</ymax>
		</bndbox>
	</object>
	<object>
		<name>dog</name>
		<pose>Unspecified</pose>
		<truncated>1</truncated>
		<difficult>0</difficult>
		<bndbox>
			<xmin>382</xmin>
			<ymin>57</ymin>
			<xmax>522</xmax>
			<ymax>260</ymax>
		</bndbox>
	</object>
</annotation>
