filename,width,height,class,xmin,ymin,xmax,ymax
elf7.jpg,401,300,elephant,13,3,388,295
elf3.jpg,534,300,elephant,10,1,341,292
elf27.jpg,604,300,elephant,249,8,549,298
elf28.jpg,536,300,elephant,8,72,94,213
elf28.jpg,536,300,elephant,81,109,150,208
elf28.jpg,536,300,elephant,137,25,339,300
elf28.jpg,536,300,elephant,315,107,536,278
elf25.jpg,212,300,elephant,15,99,208,248
elf26.jpg,451,300,elephant,12,5,437,224
elf29.jpg,461,300,elephant,28,50,447,257
elf24.jpg,604,300,elephant,99,46,417,282
elf24.jpg,604,300,elephant,399,145,587,270
elf2.jpg,536,300,elephant,7,38,257,295
elf2.jpg,536,300,elephant,232,40,536,297
elf2.jpg,536,300,elephant,453,77,536,269
elf21.jpg,390,300,elephant,17,28,370,233
elf22.jpg,451,300,elephant,2,2,443,285
elf20.jpg,433,300,elephant,10,2,427,293
elf23.jpg,536,300,elephant,5,20,402,289
elf23.jpg,536,300,elephant,254,16,536,298
elf19.jpg,363,300,elephant,50,43,335,256
elf16.jpg,406,300,elephant,16,13,385,290
elf15.jpg,301,300,elephant,28,30,301,251
elf17.jpg,401,300,elephant,28,11,392,293
elf14.jpg,273,300,elephant,3,3,265,277
elf18.jpg,288,300,elephant,6,4,288,298
elf13.jpg,291,300,elephant,4,3,291,296
elf1.jpg,401,300,elephant,16,42,384,270
elf10.jpg,429,300,elephant,6,83,429,297
elf10.jpg,429,300,elephant,3,67,236,300
elf10.jpg,429,300,elephant,231,120,429,298
elf12.jpg,390,300,elephant,15,8,390,297
elf11.jpg,266,300,elephant,6,4,262,297
perro9.jpg,536,300,dog,2,200,98,294
perro9.jpg,536,300,dog,63,132,227,297
perro9.jpg,536,300,dog,157,18,350,295
perro9.jpg,536,300,dog,324,95,480,293
perro9.jpg,536,300,dog,447,187,536,294
perro8.jpg,483,300,dog,112,5,398,300
perro3.jpg,585,300,dog,119,35,451,300
perro30.jpg,300,300,dog,50,11,265,296
perro4.jpg,571,300,dog,251,7,432,288
perro5.jpg,536,300,dog,26,1,268,300
perro7.jpg,300,300,dog,54,52,264,294
perro6.jpg,536,300,dog,198,21,471,300
perro29.jpg,506,300,dog,8,159,231,288
perro29.jpg,506,300,dog,284,17,478,300
perro29.jpg,506,300,dog,11,4,251,146
perro24.jpg,494,300,dog,4,10,160,271
perro24.jpg,494,300,dog,171,11,331,299
perro24.jpg,494,300,dog,336,13,488,279
perro25.jpg,363,300,dog,71,4,360,269
perro27.jpg,232,300,dog,10,3,219,288
perro26.jpg,236,300,dog,7,2,231,299
perro28.jpg,385,300,dog,56,10,325,297
perro23.jpg,240,300,dog,20,7,225,296
perro19.jpg,522,300,dog,90,11,465,276
perro2.jpg,401,300,dog,105,48,274,274
perro20.jpg,451,300,dog,31,1,373,220
perro21.jpg,536,300,dog,73,6,438,293
perro22.jpg,215,300,dog,13,10,209,285
perro18.jpg,300,300,dog,26,16,167,285
perro18.jpg,300,300,dog,173,66,280,291
perro14.jpg,397,300,dog,37,31,269,291
perro13.jpg,443,300,dog,15,17,222,296
perro13.jpg,443,300,dog,237,23,440,285
perro15.jpg,522,300,dog,12,56,157,270
perro15.jpg,522,300,dog,159,30,264,247
perro15.jpg,522,300,dog,260,70,363,266
perro15.jpg,522,300,dog,382,57,522,260
perro16.jpg,600,300,dog,151,43,425,264
perro17.jpg,189,300,dog,22,7,178,285
perro12.jpg,300,300,dog,40,7,271,300
perro1.jpg,585,300,dog,100,20,245,294
perro1.jpg,585,300,dog,242,54,346,278
perro1.jpg,585,300,dog,332,10,507,300
perro10.jpg,483,300,dog,202,10,467,300
perro11.jpg,500,300,dog,122,18,325,292
jir9.jpg,451,300,giraffe,83,86,238,262
jir9.jpg,451,300,giraffe,149,46,353,108
jir8.jpg,481,300,giraffe,315,20,454,275
jir8.jpg,481,300,giraffe,164,60,309,280
jir8.jpg,481,300,giraffe,126,31,210,94
jir8.jpg,481,300,giraffe,27,64,90,123
jir5.jpg,536,300,giraffe,12,135,250,297
jir5.jpg,536,300,giraffe,177,1,314,246
jir5.jpg,536,300,giraffe,313,129,345,279
jir6.jpg,529,300,giraffe,283,79,371,274
jir6.jpg,529,300,giraffe,30,25,408,140
jir7.jpg,569,300,giraffe,174,1,424,283
jir7.jpg,569,300,giraffe,438,43,552,266
jir30.jpg,536,300,giraffe,135,35,430,280
jir4.jpg,571,300,giraffe,40,1,196,150
jir3.jpg,451,300,giraffe,114,10,377,297
jir27.jpg,300,300,giraffe,8,6,274,300
jir26.jpg,204,300,giraffe,40,54,204,277
jir29.jpg,232,300,giraffe,29,10,227,277
jir25.jpg,604,300,giraffe,45,15,604,265
jir24.jpg,488,300,giraffe,66,16,263,279
jir24.jpg,488,300,giraffe,260,123,488,296
jir23.jpg,522,300,giraffe,145,70,438,290
jir21.jpg,596,300,giraffe,102,38,509,275
jir22.jpg,536,300,giraffe,39,4,527,294
jir19.jpg,401,300,giraffe,12,167,235,298
jir19.jpg,401,300,giraffe,12,4,146,189
jir19.jpg,401,300,giraffe,162,4,260,179
jir19.jpg,401,300,giraffe,290,7,401,174
jir19.jpg,401,300,giraffe,244,123,397,295
jir2.jpg,401,300,giraffe,64,23,401,293
jir20.jpg,257,300,giraffe,24,7,257,292
jir18.jpg,212,300,giraffe,12,4,201,295
jir14.jpg,164,300,giraffe,4,1,164,298
jir15.jpg,291,300,giraffe,34,3,254,300
jir16.jpg,288,300,giraffe,35,1,237,297
jir13.jpg,536,300,giraffe,107,9,362,300
jir17.jpg,383,300,giraffe,67,14,293,285
jir12.jpg,195,300,giraffe,5,1,190,300
elf9.jpg,451,300,elephant,73,114,214,253
elf9.jpg,451,300,elephant,220,157,273,219
elf9.jpg,451,300,elephant,281,182,333,231
elf9.jpg,451,300,elephant,341,150,384,195
jir1.jpg,225,300,giraffe,22,55,203,292
jir10.jpg,401,300,giraffe,9,1,360,298
jir11.jpg,516,300,giraffe,6,13,158,300
jir11.jpg,516,300,giraffe,148,3,508,297
elf8.jpg,451,300,elephant,144,10,451,280
elf30.jpg,536,300,elephant,129,54,369,263
elf4.jpg,536,300,elephant,239,115,497,292
elf5.jpg,401,300,elephant,52,36,363,276
elf6.jpg,200,300,elephant,7,57,148,239
elf6.jpg,200,300,elephant,166,144,200,197
elf6.jpg,200,300,elephant,142,154,184,212
